[
    {
        "id": 1,
        "title": "English Language Essentials",
        "desc": "Improve your English language skills with this comprehensive online course. Enhance vocabulary, grammar, and practical communication.",
        "type": "Online",
        "date": "2023-08-01",
        "user": 34,
        "comment": 55,
        "rating": 2,
        "price":0,
        "image":"course-01.jpg",
        "featured": true
    },
    {
        "id": 2,
        "title": "Numerical Analysis for Programming",
        "desc": "Discover numerical methods, approximation, and algorithm design for solving complex mathematical problems with code. Enhance your programming skills and gain a solid understanding of the mathematical foundations.",
        "type": "Campus Classroom",
        "date": "2023-09-05",
        "user": 15,
        "comment": 50,
        "rating": 4,
        "price":400,
        "image":"course-02.jpg",
        "featured": true
    },
    {
        "id": 3,
        "title": "Frontend Development",
        "desc": "This course provides the basics of web development. You will learn how to create basic web pages using technologies like HTML, CSS, and JavaScript.",
        "type": "Campus Laboratory",
        "date": "2023-10-10",
        "user": 12,
        "comment": 44,
        "rating": 5,
        "price":1500,
        "image":"course-03.jpg",
        "featured": true
    },
    {
        "id": 4,
        "title": "Entrepreneurship 101",
        "desc": "This course introduces you to the world of entrepreneurship. It covers topics such as generating business ideas, preparing a business plan, marketing strategies, and basic business management.",
        "type": "Online",
        "date": "2023-11-15",
        "user": 18,
        "comment": 32,
        "rating": 5,
        "price":750,
        "image":"course-04.jpg",
        "featured": true
    },
    {
        "id": 5,
        "title": "Introduction to Psychology",
        "desc": "This course provides an overview of the basic principles of psychology. It explores topics such as human behavior, cognitive processes, and the influence of social factors.",
        "type": "Campus Lecture Hall",
        "date": "2023-09-20",
        "user": 25,
        "comment": 18,
        "rating": 4,
        "price":0,
        "image":"course-05.jpg",
        "featured": false
    },
    {
        "id": 6,
        "title": "Introduction to Computer Science",
        "desc": "This course is an introduction to the fundamentals of computer science. It covers programming concepts, algorithms, and problem-solving techniques.",
        "type": "Online",
        "date": "2023-12-01",
        "user": 20,
        "comment": 40,
        "rating": 4,
        "price":100,
        "image":"course-06.jpg",
        "featured": true
    },
    {
        "id": 7,
        "title": "Graphic Design Basics",
        "desc": "This course provides an introduction to graphic design principles and techniques. Learn about layout, typography, color theory, and design software.",
        "type": "Campus Design Studio",
        "date": "2023-10-15",
        "user": 10,
        "comment": 25,
        "rating": 4,
        "price":250,
        "image":"course-07.jpg",
        "featured": true
    },
    {
        "id": 8,
        "title": "Introduction to Marketing",
        "desc": "This course introduces the basic principles of marketing. It covers market research, consumer behavior, advertising, and branding strategies.",
        "type": "Online",
        "date": "2023-11-20",
        "user": 10,
        "comment": 28,
        "rating": 4,
        "price":280,
        "image":"course-08.jpg",
        "featured": true
    },
    {
        "id": 9,
        "title": "Introduction to Economics",
        "desc": "This course provides a basic understanding of economic principles. Topics include supply and demand, market structures, fiscal policy, and global economics.",
        "type": "Campus Lecture Hall",
        "date": "2023-10-25",
        "user": 30,
        "comment": 20,
        "rating": 4,
        "price":0,
        "image":"course-09.jpg",
        "featured": true
    }
]